{
    "active": true,
    "car_light": {
        "type": "rainbowrider",
        "color": [
            80,
            255,
            177
        ],
        "speed": 73.30362959516054
    },
    "knightrider": {
        "type": null,
        "color": [
            57,
            67,
            183
        ],
        "speed": 70.0788738948348
    }
}